"2026-05-17 11:16:20","SESSION_START","0.0","adhi","FPS=30.0"
"2026-05-17 11:17:16","YAWN","0.0","adhi",""
"2026-05-17 11:27:46","SESSION_START","0.0","adhi","FPS=30.0"
"2026-05-17 11:29:36","YAWN","0.0","adhi",""
"2026-05-17 11:30:38","HEAD_MOVEMENT","0.0","adhi",""
"2026-05-17 11:32:58","DROWSY","0.0","adhi",""
"2026-05-17 11:32:58","DROWSY","8.0","adhi",""
"2026-05-17 11:32:58","DROWSY","15.8","adhi",""
"2026-05-17 11:32:58","DROWSY","23.5","adhi",""
"2026-05-17 11:32:58","DROWSY","31.3","adhi",""
"2026-05-17 11:32:58","DROWSY","39.1","adhi",""
"2026-05-17 11:32:59","DROWSY","46.9","adhi",""
"2026-05-17 11:32:59","DROWSY","54.6","adhi",""
"2026-05-17 11:32:59","DROWSY","62.3","adhi",""
"2026-05-17 11:32:59","DROWSY","70.1","adhi",""
"2026-05-17 11:32:59","DROWSY","77.9","adhi",""
"2026-05-17 11:32:59","DROWSY","85.6","adhi",""
"2026-05-17 11:33:00","DROWSY","93.4","adhi",""
"2026-05-17 11:33:00","DROWSY","100.0","adhi",""
"2026-05-17 11:33:00","DROWSY","100.0","adhi",""
"2026-05-17 11:33:00","DROWSY","100.0","adhi",""
"2026-05-17 11:33:00","DROWSY","100.0","adhi",""
"2026-05-17 11:33:00","DROWSY","100.0","adhi",""
"2026-05-17 11:33:01","DROWSY","100.0","adhi",""
"2026-05-17 11:33:01","DROWSY","100.0","adhi",""
"2026-05-17 11:33:01","DROWSY","100.0","adhi",""
"2026-05-17 11:33:01","DROWSY","100.0","adhi",""
"2026-05-17 11:33:01","DROWSY","100.0","adhi",""
"2026-05-17 11:44:00","SESSION_START","0.0","adhi","FPS=30.0"
"2026-05-17 11:49:35","YAWN","0.0","adhi",""
"2026-05-17 11:55:13","YAWN","0.0","adhi",""
"2026-05-17 11:55:21","SESSION_END","0.0","adhi","drowsy=0,yawn=2,head=0,phone=0"
"2026-05-17 11:57:26","SESSION_START","0.0","adhi","FPS=30.0"
"2026-05-17 11:59:09","YAWN","0.0","adhi",""
"2026-05-17 11:59:24","SESSION_END","0.0","adhi","drowsy=0,yawn=1,head=0,phone=0"
"2026-05-17 12:57:37","SESSION_START","0.0","kushal","FPS=30.0"
"2026-05-17 12:58:48","HEAD_MOVEMENT","0.0","kushal",""
"2026-05-17 12:59:14","YAWN","0.0","kushal",""
"2026-05-17 13:00:42","SESSION_END","0.0","kushal","drowsy=0,yawn=1,head=1,phone=0"
"2026-05-19 20:53:43","SESSION_START","0.0","adhi","FPS=30.0"
"2026-05-19 20:56:26","YAWN","0.0","adhi",""
"2026-05-19 20:56:36","DROWSY","0.0","adhi",""
"2026-05-19 20:56:36","DROWSY","8.0","adhi",""
"2026-05-19 20:56:37","DROWSY","15.7","adhi",""
"2026-05-19 20:56:37","DROWSY","23.5","adhi",""
"2026-05-19 20:56:37","DROWSY","31.3","adhi",""
"2026-05-19 20:56:37","DROWSY","39.0","adhi",""
"2026-05-19 20:56:37","DROWSY","46.8","adhi",""
"2026-05-19 20:56:37","DROWSY","54.6","adhi",""
"2026-05-19 20:56:37","DROWSY","62.3","adhi",""
"2026-05-19 20:56:38","DROWSY","70.1","adhi",""
"2026-05-19 20:56:38","DROWSY","77.8","adhi",""
"2026-05-19 20:56:38","DROWSY","85.6","adhi",""
"2026-05-19 20:56:38","DROWSY","93.3","adhi",""
"2026-05-19 20:56:38","DROWSY","100.0","adhi",""
"2026-05-19 20:56:38","DROWSY","100.0","adhi",""
"2026-05-19 20:56:39","DROWSY","100.0","adhi",""
"2026-05-19 20:56:39","DROWSY","100.0","adhi",""
"2026-05-19 20:56:39","DROWSY","100.0","adhi",""
"2026-05-19 20:56:39","DROWSY","100.0","adhi",""
"2026-05-19 20:56:39","DROWSY","100.0","adhi",""
"2026-05-19 20:56:39","DROWSY","100.0","adhi",""
"2026-05-19 20:56:40","DROWSY","100.0","adhi",""
"2026-05-19 20:56:40","DROWSY","100.0","adhi",""
"2026-05-19 20:56:40","DROWSY","100.0","adhi",""
"2026-05-19 20:56:40","DROWSY","100.0","adhi",""
"2026-05-19 20:56:40","DROWSY","100.0","adhi",""
"2026-05-19 20:56:40","DROWSY","100.0","adhi",""
"2026-05-19 20:56:41","DROWSY","100.0","adhi",""
"2026-05-19 20:56:41","DROWSY","100.0","adhi",""
"2026-05-19 20:56:41","DROWSY","100.0","adhi",""
"2026-05-19 20:56:41","DROWSY","100.0","adhi",""
"2026-05-19 20:56:41","DROWSY","100.0","adhi",""
"2026-05-19 20:56:41","DROWSY","100.0","adhi",""
"2026-05-19 20:56:42","DROWSY","100.0","adhi",""
"2026-05-19 20:56:42","DROWSY","100.0","adhi",""
"2026-05-19 20:56:42","DROWSY","100.0","adhi",""
"2026-05-19 20:56:42","DROWSY","100.0","adhi",""
"2026-05-19 20:56:42","DROWSY","100.0","adhi",""
"2026-05-19 20:56:47","YAWN","92.3","adhi",""
"2026-05-19 21:06:01","DROWSY","0.0","adhi",""
"2026-05-19 21:06:02","DROWSY","8.0","adhi",""
"2026-05-19 21:06:02","DROWSY","15.8","adhi",""
"2026-05-19 21:06:02","DROWSY","23.5","adhi",""
"2026-05-19 21:06:02","DROWSY","31.3","adhi",""
"2026-05-19 21:06:02","DROWSY","39.0","adhi",""
"2026-05-19 21:06:02","DROWSY","46.8","adhi",""
"2026-05-19 21:06:03","DROWSY","54.5","adhi",""
"2026-05-19 21:06:03","DROWSY","62.3","adhi",""
"2026-05-19 21:06:03","DROWSY","70.0","adhi",""
"2026-05-19 21:06:03","DROWSY","77.8","adhi",""
"2026-05-19 21:06:03","DROWSY","85.5","adhi",""
"2026-05-19 21:06:08","DROWSY","86.4","adhi",""
"2026-05-19 21:06:08","DROWSY","94.1","adhi",""
"2026-05-19 21:06:08","DROWSY","100.0","adhi",""
"2026-05-19 21:06:09","DROWSY","100.0","adhi",""
"2026-05-19 21:06:25","DROWSY","75.1","adhi",""
"2026-05-19 21:09:02","SESSION_END","0.0","adhi","drowsy=55,yawn=2,head=0,phone=0"
"2026-05-20 08:38:53","SESSION_START","0.0","kushal","FPS=30.0"
"2026-05-20 08:42:44","DROWSY","0.0","kushal",""
"2026-05-20 08:42:44","DROWSY","8.0","kushal",""
"2026-05-20 08:42:45","DROWSY","15.7","kushal",""
"2026-05-20 08:42:45","DROWSY","23.5","kushal",""
"2026-05-20 08:42:45","DROWSY","31.3","kushal",""
"2026-05-20 08:42:45","DROWSY","39.0","kushal",""
"2026-05-20 08:42:45","DROWSY","46.7","kushal",""
"2026-05-20 08:42:45","DROWSY","54.5","kushal",""
"2026-05-20 08:42:46","DROWSY","62.2","kushal",""
"2026-05-20 08:42:46","DROWSY","69.9","kushal",""
"2026-05-20 08:42:46","DROWSY","77.7","kushal",""
"2026-05-20 08:42:46","DROWSY","85.4","kushal",""
"2026-05-20 08:42:46","DROWSY","93.1","kushal",""
"2026-05-20 08:42:47","DROWSY","100.0","kushal",""
"2026-05-20 08:42:47","DROWSY","100.0","kushal",""
"2026-05-20 08:42:47","DROWSY","100.0","kushal",""
"2026-05-20 08:42:47","DROWSY","100.0","kushal",""
"2026-05-20 08:42:47","DROWSY","100.0","kushal",""
"2026-05-20 08:42:47","DROWSY","100.0","kushal",""
"2026-05-20 08:42:48","DROWSY","100.0","kushal",""
"2026-05-20 08:42:48","DROWSY","100.0","kushal",""
"2026-05-20 08:42:48","DROWSY","100.0","kushal",""
"2026-05-20 08:42:48","DROWSY","100.0","kushal",""
"2026-05-20 08:42:48","DROWSY","100.0","kushal",""
"2026-05-20 08:42:49","DROWSY","100.0","kushal",""
"2026-05-20 08:42:49","DROWSY","100.0","kushal",""
"2026-05-20 08:42:49","DROWSY","100.0","kushal",""
"2026-05-20 08:42:49","DROWSY","100.0","kushal",""
"2026-05-20 08:42:49","DROWSY","100.0","kushal",""
"2026-05-20 08:42:49","DROWSY","100.0","kushal",""
"2026-05-20 08:42:50","DROWSY","100.0","kushal",""
"2026-05-20 08:42:50","DROWSY","100.0","kushal",""
"2026-05-20 08:42:50","DROWSY","100.0","kushal",""
"2026-05-20 08:42:50","DROWSY","100.0","kushal",""
"2026-05-20 08:42:50","DROWSY","100.0","kushal",""
"2026-05-20 08:42:51","DROWSY","100.0","kushal",""
"2026-05-20 08:42:51","DROWSY","100.0","kushal",""
"2026-05-20 08:42:51","DROWSY","100.0","kushal",""
"2026-05-20 08:44:28","HEAD_MOVEMENT","0.0","kushal",""
"2026-05-20 08:48:29","SESSION_END","0.0","kushal","drowsy=38,yawn=0,head=1,phone=0"
"2026-05-20 08:54:49","SESSION_START","0.0","adhi","FPS=30.0"
"2026-05-20 08:55:36","YAWN","0.0","adhi",""
"2026-05-20 08:56:17","YAWN","0.0","adhi",""
"2026-05-20 08:56:24","YAWN","0.0","adhi",""
"2026-05-20 08:56:32","YAWN","0.0","adhi",""
"2026-05-20 08:56:45","YAWN","0.0","adhi",""
"2026-05-20 08:56:50","YAWN","0.0","adhi",""
"2026-05-20 08:57:16","DROWSY","0.0","adhi",""
"2026-05-20 08:57:17","DROWSY","8.0","adhi",""
"2026-05-20 08:57:17","DROWSY","15.7","adhi",""
"2026-05-20 08:57:17","DROWSY","23.4","adhi",""
"2026-05-20 08:57:17","DROWSY","31.2","adhi",""
"2026-05-20 08:57:17","DROWSY","38.9","adhi",""
"2026-05-20 08:57:18","DROWSY","46.6","adhi",""
"2026-05-20 08:57:18","DROWSY","54.3","adhi",""
"2026-05-20 08:57:18","DROWSY","62.1","adhi",""
"2026-05-20 08:57:18","DROWSY","69.9","adhi",""
"2026-05-20 08:57:18","DROWSY","77.6","adhi",""
"2026-05-20 08:57:18","DROWSY","85.3","adhi",""
"2026-05-20 08:57:19","DROWSY","93.1","adhi",""
"2026-05-20 08:57:19","DROWSY","100.0","adhi",""
"2026-05-20 08:57:19","DROWSY","100.0","adhi",""
"2026-05-20 08:57:19","DROWSY","100.0","adhi",""
"2026-05-20 08:57:19","DROWSY","100.0","adhi",""
"2026-05-20 08:57:19","DROWSY","100.0","adhi",""
"2026-05-20 08:57:20","DROWSY","100.0","adhi",""
"2026-05-20 08:57:20","DROWSY","100.0","adhi",""
"2026-05-20 08:57:20","DROWSY","100.0","adhi",""
"2026-05-20 08:57:20","DROWSY","100.0","adhi",""
"2026-05-20 08:57:21","DROWSY","100.0","adhi",""
"2026-05-20 08:57:46","YAWN","61.5","adhi",""
"2026-05-20 08:57:56","YAWN","51.8","adhi",""
"2026-05-20 08:58:40","SESSION_END","0.0","adhi","drowsy=23,yawn=8,head=0,phone=0"
"2026-05-20 10:31:20","SESSION_START","0.0","kusuma","FPS=30.0"
"2026-05-20 10:33:01","HEAD_MOVEMENT","0.0","kusuma",""
"2026-05-20 10:57:09","SESSION_START","0.0","divya","FPS=30.0"
"2026-05-20 11:03:34","HEAD_MOVEMENT","0.0","divya",""
"2026-05-20 11:04:07","DROWSY","0.0","divya",""
"2026-05-20 11:04:07","DROWSY","8.0","divya",""
"2026-05-20 11:04:07","DROWSY","15.7","divya",""
"2026-05-20 11:04:07","DROWSY","23.4","divya",""
"2026-05-20 11:04:08","DROWSY","31.1","divya",""
"2026-05-20 11:04:08","DROWSY","38.8","divya",""
"2026-05-20 11:04:08","DROWSY","46.6","divya",""
"2026-05-20 11:04:08","DROWSY","54.3","divya",""
"2026-05-20 11:04:08","DROWSY","61.9","divya",""
"2026-05-20 11:04:09","DROWSY","69.6","divya",""
"2026-05-20 11:04:09","DROWSY","77.3","divya",""
"2026-05-20 11:04:09","DROWSY","85.1","divya",""
"2026-05-20 11:04:09","DROWSY","92.8","divya",""
"2026-05-20 11:04:09","DROWSY","100.0","divya",""
"2026-05-20 11:04:09","DROWSY","100.0","divya",""
"2026-05-20 11:04:10","DROWSY","100.0","divya",""
"2026-05-20 11:04:10","DROWSY","100.0","divya",""
"2026-05-20 11:04:10","DROWSY","100.0","divya",""
"2026-05-20 11:04:10","DROWSY","100.0","divya",""
"2026-05-20 11:04:10","DROWSY","100.0","divya",""
"2026-05-20 11:04:10","DROWSY","100.0","divya",""
"2026-05-20 11:04:11","DROWSY","100.0","divya",""
"2026-05-20 11:04:11","DROWSY","100.0","divya",""
"2026-05-20 11:04:11","DROWSY","100.0","divya",""
"2026-05-20 11:04:11","DROWSY","100.0","divya",""
"2026-05-20 11:04:11","DROWSY","100.0","divya",""
"2026-05-20 11:04:12","DROWSY","100.0","divya",""
"2026-05-20 11:04:12","DROWSY","100.0","divya",""
"2026-05-20 11:04:12","DROWSY","100.0","divya",""
"2026-05-20 11:04:12","DROWSY","100.0","divya",""
"2026-05-20 11:04:12","DROWSY","100.0","divya",""
"2026-05-20 11:04:13","DROWSY","100.0","divya",""
"2026-05-20 11:04:13","DROWSY","100.0","divya",""
"2026-05-20 11:04:13","DROWSY","100.0","divya",""
"2026-05-20 11:04:13","DROWSY","100.0","divya",""
"2026-05-20 11:04:13","DROWSY","100.0","divya",""
"2026-05-20 11:04:14","DROWSY","100.0","divya",""
"2026-05-20 11:04:14","DROWSY","100.0","divya",""
"2026-05-20 11:04:14","DROWSY","100.0","divya",""
"2026-05-20 11:04:14","DROWSY","100.0","divya",""
"2026-05-20 11:04:14","DROWSY","100.0","divya",""
"2026-05-20 11:04:15","DROWSY","100.0","divya",""
"2026-05-20 11:04:15","DROWSY","100.0","divya",""
"2026-05-20 11:04:15","DROWSY","100.0","divya",""
"2026-05-20 11:04:15","DROWSY","100.0","divya",""
"2026-05-20 11:04:15","DROWSY","100.0","divya",""
"2026-05-20 11:06:34","SESSION_END","0.0","divya","drowsy=46,yawn=0,head=1,phone=0"
"2026-05-20 11:09:49","SESSION_START","0.0","divya","FPS=30.0"
"2026-05-20 11:12:33","HEAD_MOVEMENT","0.0","divya",""
"2026-05-20 11:13:57","SESSION_END","0.0","divya","drowsy=0,yawn=0,head=1,phone=0"
"2026-05-20 12:48:02","SESSION_START","0.0","divya","FPS=30.0"
"2026-05-20 12:49:15","HEAD_MOVEMENT","0.0","divya",""
"2026-05-20 12:49:31","HEAD_MOVEMENT","0.0","divya",""
"2026-05-20 13:04:52","SESSION_START","0.0","divya","FPS=30.0"
"2026-05-20 13:08:26","HEAD_MOVEMENT","0.0","divya",""
"2026-05-20 13:09:08","DROWSY","0.0","divya",""
"2026-05-20 13:09:08","DROWSY","8.0","divya",""
"2026-05-20 13:09:08","DROWSY","15.7","divya",""
"2026-05-20 13:09:09","DROWSY","23.4","divya",""
"2026-05-20 13:09:09","DROWSY","31.1","divya",""
"2026-05-20 13:09:09","DROWSY","38.8","divya",""
"2026-05-20 13:09:09","DROWSY","46.6","divya",""
"2026-05-20 13:09:09","DROWSY","54.3","divya",""
"2026-05-20 13:09:10","DROWSY","61.9","divya",""
"2026-05-20 13:09:10","DROWSY","69.6","divya",""
"2026-05-20 13:09:10","DROWSY","77.2","divya",""
"2026-05-20 13:09:10","DROWSY","84.9","divya",""
"2026-05-20 13:09:10","DROWSY","92.6","divya",""
"2026-05-20 13:09:11","DROWSY","100.0","divya",""
"2026-05-20 13:09:11","DROWSY","100.0","divya",""
"2026-05-20 13:09:11","DROWSY","100.0","divya",""
"2026-05-20 13:09:11","DROWSY","100.0","divya",""
"2026-05-20 13:09:12","DROWSY","100.0","divya",""
"2026-05-20 13:09:12","DROWSY","100.0","divya",""
"2026-05-20 13:09:12","DROWSY","100.0","divya",""
"2026-05-20 13:09:12","DROWSY","100.0","divya",""
"2026-05-20 13:09:12","DROWSY","100.0","divya",""
"2026-05-20 13:09:12","DROWSY","100.0","divya",""
"2026-05-20 13:09:13","DROWSY","100.0","divya",""
"2026-05-20 13:09:13","DROWSY","100.0","divya",""
"2026-05-20 13:09:13","DROWSY","100.0","divya",""
"2026-05-20 13:09:13","DROWSY","100.0","divya",""
"2026-05-20 13:09:14","DROWSY","100.0","divya",""
"2026-05-20 13:09:14","DROWSY","100.0","divya",""
"2026-05-20 13:09:14","DROWSY","100.0","divya",""
"2026-05-20 13:09:14","DROWSY","100.0","divya",""
"2026-05-20 13:09:14","DROWSY","100.0","divya",""
"2026-05-20 13:09:15","DROWSY","100.0","divya",""
"2026-05-20 13:09:15","DROWSY","100.0","divya",""
"2026-05-20 13:09:15","DROWSY","100.0","divya",""
"2026-05-20 13:09:15","DROWSY","100.0","divya",""
"2026-05-20 13:09:15","DROWSY","100.0","divya",""
"2026-05-20 13:09:16","DROWSY","100.0","divya",""
"2026-05-20 13:09:16","DROWSY","100.0","divya",""
"2026-05-20 13:09:16","DROWSY","100.0","divya",""
"2026-05-20 13:09:16","DROWSY","100.0","divya",""
"2026-05-20 13:09:16","DROWSY","100.0","divya",""
"2026-05-20 13:09:17","DROWSY","100.0","divya",""
"2026-05-20 13:09:17","DROWSY","100.0","divya",""
"2026-05-20 13:09:17","DROWSY","100.0","divya",""
"2026-05-20 13:12:17","DROWSY","0.0","divya",""
"2026-05-20 13:12:17","DROWSY","8.0","divya",""
"2026-05-20 13:12:17","DROWSY","15.7","divya",""
"2026-05-20 13:12:17","DROWSY","23.5","divya",""
"2026-05-20 13:12:17","DROWSY","31.2","divya",""
"2026-05-20 13:12:18","DROWSY","39.0","divya",""
"2026-05-20 13:12:18","DROWSY","46.7","divya",""
"2026-05-20 13:12:18","DROWSY","54.3","divya",""
"2026-05-20 13:12:18","DROWSY","62.0","divya",""
"2026-05-20 13:12:19","DROWSY","69.7","divya",""
"2026-05-20 13:12:19","DROWSY","77.4","divya",""
"2026-05-20 13:12:19","DROWSY","85.1","divya",""
"2026-05-20 13:12:19","DROWSY","92.8","divya",""
"2026-05-20 13:12:19","DROWSY","100.0","divya",""
"2026-05-20 13:12:20","DROWSY","100.0","divya",""
"2026-05-20 13:12:20","DROWSY","100.0","divya",""
"2026-05-20 13:12:20","DROWSY","100.0","divya",""
"2026-05-20 13:12:30","SESSION_END","84.6","divya","drowsy=62,yawn=0,head=1,phone=0"
"2026-05-20 13:15:23","SESSION_START","0.0","thanu","FPS=30.0"
"2026-05-20 13:17:17","HEAD_MOVEMENT","0.0","thanu",""
"2026-05-20 13:17:31","DROWSY","0.0","thanu",""
"2026-05-20 13:17:31","DROWSY","8.0","thanu",""
"2026-05-20 13:17:31","DROWSY","15.7","thanu",""
"2026-05-20 13:17:32","DROWSY","23.4","thanu",""
"2026-05-20 13:17:32","DROWSY","31.1","thanu",""
"2026-05-20 13:17:32","DROWSY","38.8","thanu",""
"2026-05-20 13:17:32","DROWSY","46.6","thanu",""
"2026-05-20 13:17:32","DROWSY","54.2","thanu",""
"2026-05-20 13:17:33","DROWSY","61.9","thanu",""
"2026-05-20 13:17:33","DROWSY","69.6","thanu",""
"2026-05-20 13:17:33","DROWSY","77.2","thanu",""
"2026-05-20 13:17:33","DROWSY","84.9","thanu",""
"2026-05-20 13:17:33","DROWSY","92.6","thanu",""
"2026-05-20 13:17:34","DROWSY","100.0","thanu",""
"2026-05-20 13:17:34","DROWSY","100.0","thanu",""
"2026-05-20 13:17:34","DROWSY","100.0","thanu",""
"2026-05-20 13:17:34","DROWSY","100.0","thanu",""
"2026-05-20 13:17:34","DROWSY","100.0","thanu",""
"2026-05-20 13:17:35","DROWSY","100.0","thanu",""
"2026-05-20 13:17:35","DROWSY","100.0","thanu",""
"2026-05-20 13:17:35","DROWSY","100.0","thanu",""
"2026-05-20 13:17:35","DROWSY","100.0","thanu",""
"2026-05-20 13:17:35","DROWSY","100.0","thanu",""
"2026-05-20 13:17:35","DROWSY","100.0","thanu",""
"2026-05-20 13:17:36","DROWSY","100.0","thanu",""
"2026-05-20 13:17:36","DROWSY","100.0","thanu",""
"2026-05-20 13:17:36","DROWSY","100.0","thanu",""
"2026-05-20 13:17:36","DROWSY","100.0","thanu",""
"2026-05-20 13:17:36","DROWSY","100.0","thanu",""
"2026-05-20 13:17:37","DROWSY","100.0","thanu",""
"2026-05-20 13:17:37","DROWSY","100.0","thanu",""
"2026-05-20 13:17:37","DROWSY","100.0","thanu",""
"2026-05-20 13:17:37","DROWSY","100.0","thanu",""
"2026-05-20 13:17:37","DROWSY","100.0","thanu",""
"2026-05-20 13:17:38","DROWSY","100.0","thanu",""
"2026-05-20 13:17:38","DROWSY","100.0","thanu",""
"2026-05-20 13:17:38","DROWSY","100.0","thanu",""
"2026-05-20 13:17:38","DROWSY","100.0","thanu",""
"2026-05-20 13:17:38","DROWSY","100.0","thanu",""
"2026-05-20 13:17:39","DROWSY","100.0","thanu",""
"2026-05-20 13:17:39","DROWSY","100.0","thanu",""
"2026-05-20 13:17:39","DROWSY","100.0","thanu",""
"2026-05-20 13:17:39","DROWSY","100.0","thanu",""
"2026-05-20 13:17:39","DROWSY","100.0","thanu",""
"2026-05-20 13:17:40","DROWSY","100.0","thanu",""
"2026-05-20 13:17:40","DROWSY","100.0","thanu",""
"2026-05-20 13:17:40","DROWSY","100.0","thanu",""
"2026-05-20 13:17:40","DROWSY","100.0","thanu",""
"2026-05-20 13:17:40","DROWSY","100.0","thanu",""
"2026-05-20 13:17:41","DROWSY","100.0","thanu",""
"2026-05-20 13:17:41","DROWSY","100.0","thanu",""
"2026-05-20 13:18:51","YAWN","0.0","thanu",""
"2026-05-20 13:18:59","YAWN","0.0","thanu",""
"2026-05-20 13:19:04","SESSION_END","0.0","thanu","drowsy=51,yawn=2,head=1,phone=0"
"2026-05-20 21:38:32","SESSION_START","0.0","thanu","FPS=30.0"
"2026-05-20 21:39:33","HEAD_MOVEMENT","0.0","thanu",""
"2026-05-20 21:40:16","HEAD_MOVEMENT","0.0","thanu",""
"2026-05-20 21:41:54","HEAD_MOVEMENT","0.0","thanu",""
"2026-05-20 21:42:07","DROWSY","0.0","thanu",""
"2026-05-20 21:42:07","DROWSY","8.0","thanu",""
"2026-05-20 21:42:07","DROWSY","15.6","thanu",""
"2026-05-20 21:42:08","DROWSY","23.2","thanu",""
"2026-05-20 21:42:08","DROWSY","30.8","thanu",""
"2026-05-20 21:42:08","DROWSY","38.3","thanu",""
"2026-05-20 21:42:09","DROWSY","45.9","thanu",""
"2026-05-20 21:42:09","DROWSY","53.5","thanu",""
"2026-05-20 21:42:09","DROWSY","61.1","thanu",""
"2026-05-20 21:42:09","DROWSY","68.8","thanu",""
"2026-05-20 21:42:09","DROWSY","76.4","thanu",""
"2026-05-20 21:42:10","DROWSY","84.1","thanu",""
"2026-05-20 21:42:10","DROWSY","91.8","thanu",""
"2026-05-20 21:42:10","DROWSY","99.3","thanu",""
"2026-05-20 21:42:11","DROWSY","100.0","thanu",""
"2026-05-20 21:42:11","DROWSY","100.0","thanu",""
"2026-05-20 21:42:11","DROWSY","100.0","thanu",""
"2026-05-20 21:42:11","DROWSY","100.0","thanu",""
"2026-05-20 21:42:12","DROWSY","100.0","thanu",""
"2026-05-20 21:42:12","DROWSY","100.0","thanu",""
"2026-05-20 21:42:12","DROWSY","100.0","thanu",""
"2026-05-20 21:42:13","DROWSY","100.0","thanu",""
"2026-05-20 21:42:13","DROWSY","100.0","thanu",""
"2026-05-20 21:42:13","DROWSY","100.0","thanu",""
"2026-05-20 21:42:13","DROWSY","100.0","thanu",""
"2026-05-20 21:42:14","DROWSY","100.0","thanu",""
"2026-05-20 21:42:14","DROWSY","100.0","thanu",""
"2026-05-20 21:42:14","DROWSY","100.0","thanu",""
"2026-05-20 21:42:15","DROWSY","100.0","thanu",""
"2026-05-20 21:42:31","YAWN","76.1","thanu",""
"2026-05-20 21:43:08","HEAD_MOVEMENT","24.1","thanu",""
"2026-05-20 21:43:33","SESSION_END","0.0","thanu","drowsy=29,yawn=1,head=4,phone=0"
"2026-05-21 07:35:49","SESSION_START","0.0","thanu","FPS=30.0"
"2026-05-21 07:36:57","DROWSY","0.0","thanu",""
"2026-05-21 07:36:58","DROWSY","8.0","thanu",""
"2026-05-21 07:36:58","DROWSY","15.7","thanu",""
"2026-05-21 07:36:58","DROWSY","23.5","thanu",""
"2026-05-21 07:36:58","DROWSY","31.3","thanu",""
"2026-05-21 07:36:58","DROWSY","39.1","thanu",""
"2026-05-21 07:36:58","DROWSY","46.8","thanu",""
"2026-05-21 07:36:58","DROWSY","54.6","thanu",""
"2026-05-21 07:36:59","DROWSY","62.4","thanu",""
"2026-05-21 07:36:59","DROWSY","70.1","thanu",""
"2026-05-21 07:36:59","DROWSY","77.9","thanu",""
"2026-05-21 07:36:59","DROWSY","85.7","thanu",""
"2026-05-21 07:36:59","DROWSY","93.5","thanu",""
"2026-05-21 07:36:59","DROWSY","100.0","thanu",""
"2026-05-21 07:36:59","DROWSY","100.0","thanu",""
"2026-05-21 07:37:00","DROWSY","100.0","thanu",""
"2026-05-21 07:37:00","DROWSY","100.0","thanu",""
"2026-05-21 07:37:00","DROWSY","100.0","thanu",""
"2026-05-21 07:37:00","DROWSY","100.0","thanu",""
"2026-05-21 07:37:00","DROWSY","100.0","thanu",""
"2026-05-21 07:37:00","DROWSY","100.0","thanu",""
"2026-05-21 07:37:01","DROWSY","100.0","thanu",""
"2026-05-21 07:37:01","DROWSY","100.0","thanu",""
"2026-05-21 07:37:01","DROWSY","100.0","thanu",""
"2026-05-21 07:37:01","DROWSY","100.0","thanu",""
"2026-05-21 07:37:01","DROWSY","100.0","thanu",""
"2026-05-21 07:37:11","DROWSY","86.3","thanu",""
"2026-05-21 07:37:11","DROWSY","94.0","thanu",""
"2026-05-21 07:37:11","DROWSY","100.0","thanu",""
"2026-05-21 07:37:11","DROWSY","100.0","thanu",""
"2026-05-21 07:37:11","DROWSY","100.0","thanu",""
"2026-05-21 07:37:11","DROWSY","100.0","thanu",""
"2026-05-21 07:37:12","DROWSY","100.0","thanu",""
"2026-05-21 07:37:12","DROWSY","100.0","thanu",""
"2026-05-21 07:37:12","DROWSY","100.0","thanu",""
"2026-05-21 07:37:12","DROWSY","100.0","thanu",""
"2026-05-21 07:37:12","DROWSY","100.0","thanu",""
"2026-05-21 07:37:12","DROWSY","100.0","thanu",""
"2026-05-21 07:37:13","DROWSY","100.0","thanu",""
"2026-05-21 07:37:13","DROWSY","100.0","thanu",""
"2026-05-21 07:37:13","DROWSY","100.0","thanu",""
"2026-05-21 07:37:13","DROWSY","100.0","thanu",""
"2026-05-21 07:37:13","DROWSY","100.0","thanu",""
"2026-05-21 07:37:13","DROWSY","100.0","thanu",""
"2026-05-21 07:37:13","DROWSY","100.0","thanu",""
"2026-05-21 07:37:14","DROWSY","100.0","thanu",""
"2026-05-21 07:37:14","DROWSY","100.0","thanu",""
"2026-05-21 07:37:14","DROWSY","100.0","thanu",""
"2026-05-21 07:37:14","DROWSY","100.0","thanu",""
"2026-05-21 07:37:14","DROWSY","100.0","thanu",""
"2026-05-21 07:37:14","DROWSY","100.0","thanu",""
"2026-05-21 07:37:15","DROWSY","100.0","thanu",""
"2026-05-21 07:37:15","DROWSY","100.0","thanu",""
"2026-05-21 07:37:15","DROWSY","100.0","thanu",""
"2026-05-21 07:37:15","DROWSY","100.0","thanu",""
"2026-05-21 07:37:15","DROWSY","100.0","thanu",""
"2026-05-21 07:37:16","DROWSY","100.0","thanu",""
"2026-05-21 07:37:16","DROWSY","100.0","thanu",""
"2026-05-21 07:37:16","DROWSY","100.0","thanu",""
"2026-05-21 07:37:16","DROWSY","100.0","thanu",""
"2026-05-21 07:37:16","DROWSY","100.0","thanu",""
"2026-05-21 07:37:16","DROWSY","100.0","thanu",""
"2026-05-21 07:37:17","DROWSY","100.0","thanu",""
"2026-05-21 07:38:30","YAWN","0.0","thanu",""
"2026-05-21 07:38:59","HEAD_MOVEMENT","0.0","thanu",""
"2026-05-21 07:39:05","YAWN","0.0","thanu",""
"2026-05-21 07:39:13","YAWN","0.0","thanu",""
"2026-05-21 07:39:29","YAWN","0.0","thanu",""
"2026-05-21 07:39:35","YAWN","0.0","thanu",""
"2026-05-21 07:39:44","YAWN","0.0","thanu",""
"2026-05-21 07:39:45","HEAD_MOVEMENT","1.8","thanu",""
"2026-05-21 07:39:51","YAWN","0.0","thanu",""
"2026-05-21 07:39:56","YAWN","0.0","thanu",""
"2026-05-21 07:39:58","HEAD_MOVEMENT","1.1","thanu",""
"2026-05-21 07:40:14","HEAD_MOVEMENT","0.0","thanu",""
"2026-05-21 07:40:19","HEAD_MOVEMENT","0.0","thanu",""
"2026-05-21 07:40:20","YAWN","0.7","thanu",""
"2026-05-21 07:42:03","DROWSY","0.0","thanu",""
"2026-05-21 07:42:03","DROWSY","8.0","thanu",""
"2026-05-21 07:42:03","DROWSY","15.7","thanu",""
"2026-05-21 07:42:03","DROWSY","23.5","thanu",""
"2026-05-21 07:42:04","DROWSY","31.2","thanu",""
"2026-05-21 07:42:04","DROWSY","38.9","thanu",""
"2026-05-21 07:42:04","DROWSY","46.6","thanu",""
"2026-05-21 07:42:04","DROWSY","54.3","thanu",""
"2026-05-21 07:42:04","DROWSY","62.0","thanu",""
"2026-05-21 07:42:05","DROWSY","69.7","thanu",""
"2026-05-21 07:42:05","DROWSY","77.5","thanu",""
"2026-05-21 07:42:05","DROWSY","85.2","thanu",""
"2026-05-21 07:42:05","DROWSY","92.9","thanu",""
"2026-05-21 07:42:05","DROWSY","100.0","thanu",""
"2026-05-21 07:42:06","DROWSY","100.0","thanu",""
"2026-05-21 07:42:06","DROWSY","100.0","thanu",""
"2026-05-21 07:42:06","DROWSY","100.0","thanu",""
"2026-05-21 07:42:06","DROWSY","100.0","thanu",""
"2026-05-21 07:42:06","DROWSY","100.0","thanu",""
"2026-05-21 07:42:07","DROWSY","100.0","thanu",""
"2026-05-21 07:42:07","DROWSY","100.0","thanu",""
"2026-05-21 07:42:07","DROWSY","100.0","thanu",""
"2026-05-21 07:42:07","DROWSY","100.0","thanu",""
"2026-05-21 07:42:07","DROWSY","100.0","thanu",""
"2026-05-21 07:42:08","DROWSY","100.0","thanu",""
"2026-05-21 07:42:08","DROWSY","100.0","thanu",""
"2026-05-21 07:42:08","DROWSY","100.0","thanu",""
"2026-05-21 07:42:08","DROWSY","100.0","thanu",""
"2026-05-21 07:42:08","DROWSY","100.0","thanu",""
"2026-05-21 07:42:09","DROWSY","100.0","thanu",""
"2026-05-21 07:42:09","DROWSY","100.0","thanu",""
"2026-05-21 07:43:18","SESSION_END","0.0","thanu","drowsy=94,yawn=9,head=5,phone=0"
"2026-05-21 09:33:46","SESSION_START","0.0","trisha","FPS=30.0"
"2026-05-21 09:34:03","DROWSY","0.0","trisha",""
"2026-05-21 09:34:03","DROWSY","8.0","trisha",""
"2026-05-21 09:34:03","DROWSY","15.8","trisha",""
"2026-05-21 09:34:03","DROWSY","23.6","trisha",""
"2026-05-21 09:34:03","DROWSY","31.4","trisha",""
"2026-05-21 09:34:03","DROWSY","39.2","trisha",""
"2026-05-21 09:34:04","DROWSY","47.1","trisha",""
"2026-05-21 09:34:04","DROWSY","54.8","trisha",""
"2026-05-21 09:34:04","DROWSY","62.7","trisha",""
"2026-05-21 09:34:04","DROWSY","70.5","trisha",""
"2026-05-21 09:34:04","DROWSY","78.3","trisha",""
"2026-05-21 09:34:04","DROWSY","86.1","trisha",""
"2026-05-21 09:34:04","DROWSY","93.9","trisha",""
"2026-05-21 09:34:04","DROWSY","100.0","trisha",""
"2026-05-21 09:34:05","DROWSY","100.0","trisha",""
"2026-05-21 09:34:05","DROWSY","100.0","trisha",""
"2026-05-21 09:34:05","DROWSY","100.0","trisha",""
"2026-05-21 09:34:05","DROWSY","100.0","trisha",""
"2026-05-21 09:34:05","DROWSY","100.0","trisha",""
"2026-05-21 09:34:05","DROWSY","100.0","trisha",""
"2026-05-21 09:34:05","DROWSY","100.0","trisha",""
"2026-05-21 09:34:05","DROWSY","100.0","trisha",""
"2026-05-21 09:34:06","DROWSY","100.0","trisha",""
"2026-05-21 09:34:06","DROWSY","100.0","trisha",""
"2026-05-21 09:34:06","DROWSY","100.0","trisha",""
"2026-05-21 09:34:06","DROWSY","100.0","trisha",""
"2026-05-21 09:34:06","DROWSY","100.0","trisha",""
"2026-05-21 09:34:06","DROWSY","100.0","trisha",""
"2026-05-21 09:34:06","DROWSY","100.0","trisha",""
"2026-05-21 09:34:07","DROWSY","100.0","trisha",""
"2026-05-21 09:34:07","DROWSY","100.0","trisha",""
"2026-05-21 09:34:07","DROWSY","100.0","trisha",""
"2026-05-21 09:34:07","DROWSY","100.0","trisha",""
"2026-05-21 09:34:07","DROWSY","100.0","trisha",""
"2026-05-21 09:34:08","DROWSY","100.0","trisha",""
"2026-05-21 09:34:08","DROWSY","100.0","trisha",""
"2026-05-21 09:34:08","DROWSY","100.0","trisha",""
"2026-05-21 09:34:08","DROWSY","100.0","trisha",""
"2026-05-21 09:34:08","DROWSY","100.0","trisha",""
"2026-05-21 09:34:08","DROWSY","100.0","trisha",""
"2026-05-21 09:34:09","DROWSY","100.0","trisha",""
"2026-05-21 09:34:09","DROWSY","100.0","trisha",""
"2026-05-21 09:34:09","DROWSY","100.0","trisha",""
"2026-05-21 09:34:09","DROWSY","100.0","trisha",""
"2026-05-21 09:34:09","DROWSY","100.0","trisha",""
"2026-05-21 09:34:09","DROWSY","100.0","trisha",""
"2026-05-21 09:34:10","DROWSY","100.0","trisha",""
"2026-05-21 09:34:10","DROWSY","100.0","trisha",""
"2026-05-21 09:34:10","DROWSY","100.0","trisha",""
"2026-05-21 09:34:10","DROWSY","100.0","trisha",""
"2026-05-21 09:34:10","DROWSY","100.0","trisha",""
"2026-05-21 09:34:11","DROWSY","100.0","trisha",""
"2026-05-21 09:34:11","DROWSY","100.0","trisha",""
"2026-05-21 09:34:11","DROWSY","100.0","trisha",""
"2026-05-21 09:34:11","DROWSY","100.0","trisha",""
"2026-05-21 09:34:11","DROWSY","100.0","trisha",""
"2026-05-21 09:34:12","DROWSY","100.0","trisha",""
"2026-05-21 09:34:12","DROWSY","100.0","trisha",""
"2026-05-21 09:34:12","DROWSY","100.0","trisha",""
"2026-05-21 09:34:12","DROWSY","100.0","trisha",""
"2026-05-21 09:34:12","DROWSY","100.0","trisha",""
"2026-05-21 09:34:13","DROWSY","100.0","trisha",""
"2026-05-21 09:34:13","DROWSY","100.0","trisha",""
"2026-05-21 09:34:14","DROWSY","98.4","trisha",""
"2026-05-21 09:34:14","DROWSY","100.0","trisha",""
"2026-05-21 09:34:14","DROWSY","100.0","trisha",""
"2026-05-21 09:34:15","DROWSY","100.0","trisha",""
"2026-05-21 09:34:15","DROWSY","100.0","trisha",""
"2026-05-21 09:36:02","DROWSY","0.0","trisha",""
"2026-05-21 09:36:02","DROWSY","8.0","trisha",""
"2026-05-21 09:36:02","DROWSY","15.8","trisha",""
"2026-05-21 09:36:02","DROWSY","23.5","trisha",""
"2026-05-21 09:36:02","DROWSY","31.3","trisha",""
"2026-05-21 09:36:02","DROWSY","39.0","trisha",""
"2026-05-21 09:36:03","DROWSY","46.7","trisha",""
"2026-05-21 09:36:03","DROWSY","54.5","trisha",""
"2026-05-21 09:36:03","DROWSY","62.2","trisha",""
"2026-05-21 09:36:03","DROWSY","70.0","trisha",""
"2026-05-21 09:36:03","DROWSY","77.7","trisha",""
"2026-05-21 09:36:03","DROWSY","85.4","trisha",""
"2026-05-21 09:36:04","DROWSY","93.2","trisha",""
"2026-05-21 09:36:04","DROWSY","100.0","trisha",""
"2026-05-21 09:36:04","DROWSY","100.0","trisha",""
"2026-05-21 09:36:04","DROWSY","100.0","trisha",""
"2026-05-21 09:36:04","DROWSY","100.0","trisha",""
"2026-05-21 09:36:04","DROWSY","100.0","trisha",""
"2026-05-21 09:36:05","DROWSY","100.0","trisha",""
"2026-05-21 09:36:05","DROWSY","100.0","trisha",""
"2026-05-21 09:36:05","DROWSY","100.0","trisha",""
"2026-05-21 09:36:05","DROWSY","100.0","trisha",""
"2026-05-21 09:36:05","DROWSY","100.0","trisha",""
"2026-05-21 09:36:06","DROWSY","100.0","trisha",""
"2026-05-21 09:36:06","DROWSY","100.0","trisha",""
"2026-05-21 09:36:06","DROWSY","100.0","trisha",""
"2026-05-21 09:36:06","DROWSY","100.0","trisha",""
"2026-05-21 09:36:06","DROWSY","100.0","trisha",""
"2026-05-21 09:36:06","DROWSY","100.0","trisha",""
"2026-05-21 09:36:06","DROWSY","100.0","trisha",""
"2026-05-21 09:36:07","DROWSY","100.0","trisha",""
"2026-05-21 09:36:07","DROWSY","100.0","trisha",""
"2026-05-21 09:36:07","DROWSY","100.0","trisha",""
"2026-05-21 09:36:07","DROWSY","100.0","trisha",""
"2026-05-21 09:36:07","DROWSY","100.0","trisha",""
"2026-05-21 09:36:07","DROWSY","100.0","trisha",""
"2026-05-21 09:36:08","DROWSY","100.0","trisha",""
"2026-05-21 09:36:08","DROWSY","100.0","trisha",""
"2026-05-21 09:36:08","DROWSY","100.0","trisha",""
"2026-05-21 09:36:08","DROWSY","100.0","trisha",""
"2026-05-21 09:36:09","DROWSY","100.0","trisha",""
"2026-05-21 09:36:09","DROWSY","100.0","trisha",""
"2026-05-21 09:36:09","DROWSY","100.0","trisha",""
"2026-05-21 09:36:09","DROWSY","100.0","trisha",""
"2026-05-21 09:36:09","DROWSY","100.0","trisha",""
"2026-05-21 09:36:09","DROWSY","100.0","trisha",""
"2026-05-21 09:36:09","DROWSY","100.0","trisha",""
"2026-05-21 09:36:10","DROWSY","100.0","trisha",""
"2026-05-21 09:36:10","DROWSY","100.0","trisha",""
"2026-05-21 09:36:10","DROWSY","100.0","trisha",""
"2026-05-21 09:36:10","DROWSY","100.0","trisha",""
"2026-05-21 09:36:10","DROWSY","100.0","trisha",""
"2026-05-21 09:36:10","DROWSY","100.0","trisha",""
"2026-05-21 09:36:11","DROWSY","100.0","trisha",""
"2026-05-21 09:36:11","DROWSY","100.0","trisha",""
"2026-05-21 09:36:11","DROWSY","100.0","trisha",""
"2026-05-21 09:37:11","DROWSY","9.8","trisha",""
"2026-05-21 09:37:11","DROWSY","17.5","trisha",""
"2026-05-21 09:37:12","DROWSY","25.2","trisha",""
"2026-05-21 09:37:12","DROWSY","32.9","trisha",""
"2026-05-21 09:37:12","DROWSY","40.6","trisha",""
"2026-05-21 09:37:12","DROWSY","48.3","trisha",""
"2026-05-21 09:37:12","DROWSY","56.0","trisha",""
"2026-05-21 09:37:12","DROWSY","63.8","trisha",""
"2026-05-21 09:37:13","DROWSY","71.5","trisha",""
"2026-05-21 09:37:13","DROWSY","79.3","trisha",""
"2026-05-21 09:37:13","DROWSY","87.0","trisha",""
"2026-05-21 09:37:13","DROWSY","94.8","trisha",""
"2026-05-21 09:37:13","DROWSY","100.0","trisha",""
"2026-05-21 09:37:13","DROWSY","100.0","trisha",""
"2026-05-21 09:37:14","DROWSY","100.0","trisha",""
"2026-05-21 09:37:14","DROWSY","100.0","trisha",""
"2026-05-21 09:37:14","DROWSY","100.0","trisha",""
"2026-05-21 09:37:14","DROWSY","100.0","trisha",""
"2026-05-21 09:37:14","DROWSY","100.0","trisha",""
"2026-05-21 09:37:15","DROWSY","100.0","trisha",""
"2026-05-21 09:37:15","DROWSY","100.0","trisha",""
"2026-05-21 09:37:15","DROWSY","100.0","trisha",""
"2026-05-21 09:37:15","DROWSY","100.0","trisha",""
"2026-05-21 09:37:15","DROWSY","100.0","trisha",""
"2026-05-21 09:37:16","DROWSY","100.0","trisha",""
"2026-05-21 09:37:16","DROWSY","100.0","trisha",""
"2026-05-21 09:37:16","DROWSY","100.0","trisha",""
"2026-05-21 09:37:16","DROWSY","100.0","trisha",""
"2026-05-21 09:37:16","DROWSY","100.0","trisha",""
"2026-05-21 09:37:16","DROWSY","100.0","trisha",""
"2026-05-21 09:37:17","DROWSY","100.0","trisha",""
"2026-05-21 09:37:17","DROWSY","100.0","trisha",""
"2026-05-21 09:37:17","DROWSY","100.0","trisha",""
"2026-05-21 09:37:17","DROWSY","100.0","trisha",""
"2026-05-21 09:37:17","DROWSY","100.0","trisha",""
"2026-05-21 09:37:18","DROWSY","100.0","trisha",""
"2026-05-21 09:37:18","DROWSY","100.0","trisha",""
"2026-05-21 09:37:18","DROWSY","100.0","trisha",""
"2026-05-21 09:37:18","DROWSY","100.0","trisha",""
"2026-05-21 09:37:18","DROWSY","100.0","trisha",""
"2026-05-21 09:40:57","SESSION_END","0.0","trisha","drowsy=164,yawn=0,head=0,phone=0"
"2026-10-07 11:21:31","SESSION_START","0.0","kushal","FPS=30.0"
"2026-10-07 11:22:39","HEAD_MOVEMENT","0.0","kushal",""
"2026-10-07 11:22:49","DROWSY","0.0","kushal",""
"2026-10-07 11:22:49","DROWSY","8.0","kushal",""
"2026-10-07 11:22:49","DROWSY","15.7","kushal",""
"2026-10-07 11:22:49","DROWSY","23.4","kushal",""
"2026-10-07 11:22:50","DROWSY","31.0","kushal",""
"2026-10-07 11:22:50","DROWSY","38.8","kushal",""
"2026-10-07 11:22:50","DROWSY","46.5","kushal",""
"2026-10-07 11:22:50","DROWSY","54.2","kushal",""
"2026-10-07 11:22:50","DROWSY","61.9","kushal",""
"2026-10-07 11:22:51","DROWSY","69.6","kushal",""
"2026-10-07 11:22:51","DROWSY","77.4","kushal",""
"2026-10-07 11:22:51","DROWSY","85.1","kushal",""
"2026-10-07 11:22:51","DROWSY","92.8","kushal",""
"2026-10-07 11:22:51","DROWSY","100.0","kushal",""
"2026-10-07 11:22:51","DROWSY","100.0","kushal",""
"2026-10-07 11:22:52","DROWSY","100.0","kushal",""
"2026-10-07 11:22:52","DROWSY","100.0","kushal",""
"2026-10-07 11:22:52","DROWSY","100.0","kushal",""
"2026-10-07 11:22:52","DROWSY","100.0","kushal",""
"2026-10-07 11:22:52","DROWSY","100.0","kushal",""
"2026-10-07 11:22:53","DROWSY","100.0","kushal",""
"2026-10-07 11:22:53","DROWSY","100.0","kushal",""
"2026-10-07 11:22:53","DROWSY","100.0","kushal",""
"2026-10-07 11:22:53","DROWSY","100.0","kushal",""
"2026-10-07 11:22:53","DROWSY","100.0","kushal",""
"2026-10-07 11:22:54","DROWSY","100.0","kushal",""
"2026-10-07 11:22:54","DROWSY","100.0","kushal",""
"2026-10-07 11:22:54","DROWSY","100.0","kushal",""
"2026-10-07 11:22:54","DROWSY","100.0","kushal",""
"2026-10-07 11:22:55","DROWSY","100.0","kushal",""
"2026-10-07 11:22:55","DROWSY","100.0","kushal",""
"2026-10-07 11:22:55","DROWSY","100.0","kushal",""
"2026-10-07 11:22:55","DROWSY","100.0","kushal",""
"2026-10-07 11:22:55","DROWSY","100.0","kushal",""
"2026-10-07 11:22:56","DROWSY","100.0","kushal",""
"2026-10-07 11:22:56","DROWSY","100.0","kushal",""
"2026-10-07 11:22:56","DROWSY","100.0","kushal",""
"2026-10-07 11:22:56","DROWSY","100.0","kushal",""
"2026-10-07 11:22:56","DROWSY","100.0","kushal",""
"2026-10-07 11:22:56","DROWSY","100.0","kushal",""
"2026-10-07 11:22:57","DROWSY","100.0","kushal",""
"2026-10-07 11:22:57","DROWSY","100.0","kushal",""
"2026-10-07 11:22:57","DROWSY","100.0","kushal",""
"2026-10-07 11:22:57","DROWSY","100.0","kushal",""
"2026-10-07 11:22:57","DROWSY","100.0","kushal",""
"2026-10-07 11:24:34","SESSION_END","0.0","kushal","drowsy=45,yawn=0,head=1,phone=0"
